country_name,id,owid_country,year,value,unit,category,sheet
Canada,1540,595,1990,0,thousand_tonnes_oil_equivalent,biofuels_production_ktoe,Biofuels Production - Ktoe
Mexico,1818,692,1990,0,thousand_tonnes_oil_equivalent,biofuels_production_ktoe,Biofuels Production - Ktoe
usa,1996,776,1990,1519.2842237821983,thousand_tonnes_oil_equivalent,biofuels_production_ktoe,Biofuels Production - Ktoe
Argentina,1474,569,1990,0,thousand_tonnes_oil_equivalent,biofuels_production_ktoe,Biofuels Production - Ktoe
Brazil,1527,589,1990,6182.920902498826,thousand_tonnes_oil_equivalent,biofuels_production_ktoe,Biofuels Production - Ktoe
Colombia,1590,605,1990,0,thousand_tonnes_oil_equivalent,biofuels_production_ktoe,Biofuels Production - Ktoe
Austria,1484,574,1990,6.3,thousand_tonnes_oil_equivalent,biofuels_production_ktoe,Biofuels Production - Ktoe
Belgium,1487,577,1990,0,thousand_tonnes_oil_equivalent,biofuels_production_ktoe,Biofuels Production - Ktoe
Finland,1631,627,1990,0,thousand_tonnes_oil_equivalent,biofuels_production_ktoe,Biofuels Production - Ktoe
France,1640,630,1990,0,thousand_tonnes_oil_equivalent,biofuels_production_ktoe,Biofuels Production - Ktoe
Germany,1608,614,1990,0,thousand_tonnes_oil_equivalent,biofuels_production_ktoe,Biofuels Production - Ktoe
Italy,1727,663,1990,0,thousand_tonnes_oil_equivalent,biofuels_production_ktoe,Biofuels Production - Ktoe
Netherlands,1855,714,1990,0,thousand_tonnes_oil_equivalent,biofuels_production_ktoe,Biofuels Production - Ktoe
Poland,1872,726,1990,0,thousand_tonnes_oil_equivalent,biofuels_production_ktoe,Biofuels Production - Ktoe
Portugal,1880,729,1990,0,thousand_tonnes_oil_equivalent,biofuels_production_ktoe,Biofuels Production - Ktoe
Spain,1628,624,1990,0,thousand_tonnes_oil_equivalent,biofuels_production_ktoe,Biofuels Production - Ktoe
Sweden,1940,755,1990,0,thousand_tonnes_oil_equivalent,biofuels_production_ktoe,Biofuels Production - Ktoe
United Kingdom,1654,635,1990,0,thousand_tonnes_oil_equivalent,biofuels_production_ktoe,Biofuels Production - Ktoe
Australia,1482,573,1990,0,thousand_tonnes_oil_equivalent,biofuels_production_ktoe,Biofuels Production - Ktoe
China,1549,599,1990,0,thousand_tonnes_oil_equivalent,biofuels_production_ktoe,Biofuels Production - Ktoe
India,1713,657,1990,0,thousand_tonnes_oil_equivalent,biofuels_production_ktoe,Biofuels Production - Ktoe
Indonesia,1711,656,1990,0,thousand_tonnes_oil_equivalent,biofuels_production_ktoe,Biofuels Production - Ktoe
South Korea,1758,673,1990,0,thousand_tonnes_oil_equivalent,biofuels_production_ktoe,Biofuels Production - Ktoe
Thailand,1953,762,1990,0,thousand_tonnes_oil_equivalent,biofuels_production_ktoe,Biofuels Production - Ktoe
Canada,1540,595,1991,0,thousand_tonnes_oil_equivalent,biofuels_production_ktoe,Biofuels Production - Ktoe
Mexico,1818,692,1991,0,thousand_tonnes_oil_equivalent,biofuels_production_ktoe,Biofuels Production - Ktoe
usa,1996,776,1991,1760.4404511340626,thousand_tonnes_oil_equivalent,biofuels_production_ktoe,Biofuels Production - Ktoe
Argentina,1474,569,1991,0,thousand_tonnes_oil_equivalent,biofuels_production_ktoe,Biofuels Production - Ktoe
Brazil,1527,589,1991,6904.386928975475,thousand_tonnes_oil_equivalent,biofuels_production_ktoe,Biofuels Production - Ktoe
Colombia,1590,605,1991,0,thousand_tonnes_oil_equivalent,biofuels_production_ktoe,Biofuels Production - Ktoe
Austria,1484,574,1991,6.9,thousand_tonnes_oil_equivalent,biofuels_production_ktoe,Biofuels Production - Ktoe
Belgium,1487,577,1991,0,thousand_tonnes_oil_equivalent,biofuels_production_ktoe,Biofuels Production - Ktoe
Finland,1631,627,1991,0,thousand_tonnes_oil_equivalent,biofuels_production_ktoe,Biofuels Production - Ktoe
France,1640,630,1991,0,thousand_tonnes_oil_equivalent,biofuels_production_ktoe,Biofuels Production - Ktoe
Germany,1608,614,1991,0,thousand_tonnes_oil_equivalent,biofuels_production_ktoe,Biofuels Production - Ktoe
Italy,1727,663,1991,0,thousand_tonnes_oil_equivalent,biofuels_production_ktoe,Biofuels Production - Ktoe
Netherlands,1855,714,1991,0,thousand_tonnes_oil_equivalent,biofuels_production_ktoe,Biofuels Production - Ktoe
Poland,1872,726,1991,0,thousand_tonnes_oil_equivalent,biofuels_production_ktoe,Biofuels Production - Ktoe
Portugal,1880,729,1991,0,thousand_tonnes_oil_equivalent,biofuels_production_ktoe,Biofuels Production - Ktoe
Spain,1628,624,1991,0,thousand_tonnes_oil_equivalent,biofuels_production_ktoe,Biofuels Production - Ktoe
Sweden,1940,755,1991,0,thousand_tonnes_oil_equivalent,biofuels_production_ktoe,Biofuels Production - Ktoe
United Kingdom,1654,635,1991,0,thousand_tonnes_oil_equivalent,biofuels_production_ktoe,Biofuels Production - Ktoe
Australia,1482,573,1991,0,thousand_tonnes_oil_equivalent,biofuels_production_ktoe,Biofuels Production - Ktoe
China,1549,599,1991,0,thousand_tonnes_oil_equivalent,biofuels_production_ktoe,Biofuels Production - Ktoe
India,1713,657,1991,0,thousand_tonnes_oil_equivalent,biofuels_production_ktoe,Biofuels Production - Ktoe
Indonesia,1711,656,1991,0,thousand_tonnes_oil_equivalent,biofuels_production_ktoe,Biofuels Production - Ktoe
South Korea,1758,673,1991,0,thousand_tonnes_oil_equivalent,biofuels_production_ktoe,Biofuels Production - Ktoe
Thailand,1953,762,1991,0,thousand_tonnes_oil_equivalent,biofuels_production_ktoe,Biofuels Production - Ktoe
Canada,1540,595,1992,0,thousand_tonnes_oil_equivalent,biofuels_production_ktoe,Biofuels Production - Ktoe
Mexico,1818,692,1992,0,thousand_tonnes_oil_equivalent,biofuels_production_ktoe,Biofuels Production - Ktoe
usa,1996,776,1992,2001.59667848592,thousand_tonnes_oil_equivalent,biofuels_production_ktoe,Biofuels Production - Ktoe
Argentina,1474,569,1992,0,thousand_tonnes_oil_equivalent,biofuels_production_ktoe,Biofuels Production - Ktoe
Brazil,1527,589,1992,6316.0485621463085,thousand_tonnes_oil_equivalent,biofuels_production_ktoe,Biofuels Production - Ktoe
Colombia,1590,605,1992,0,thousand_tonnes_oil_equivalent,biofuels_production_ktoe,Biofuels Production - Ktoe
Austria,1484,574,1992,7.7,thousand_tonnes_oil_equivalent,biofuels_production_ktoe,Biofuels Production - Ktoe
Belgium,1487,577,1992,0,thousand_tonnes_oil_equivalent,biofuels_production_ktoe,Biofuels Production - Ktoe
Finland,1631,627,1992,0,thousand_tonnes_oil_equivalent,biofuels_production_ktoe,Biofuels Production - Ktoe
France,1640,630,1992,2.257,thousand_tonnes_oil_equivalent,biofuels_production_ktoe,Biofuels Production - Ktoe
Germany,1608,614,1992,4.443,thousand_tonnes_oil_equivalent,biofuels_production_ktoe,Biofuels Production - Ktoe
Italy,1727,663,1992,0,thousand_tonnes_oil_equivalent,biofuels_production_ktoe,Biofuels Production - Ktoe
Netherlands,1855,714,1992,0,thousand_tonnes_oil_equivalent,biofuels_production_ktoe,Biofuels Production - Ktoe
Poland,1872,726,1992,0,thousand_tonnes_oil_equivalent,biofuels_production_ktoe,Biofuels Production - Ktoe
Portugal,1880,729,1992,0,thousand_tonnes_oil_equivalent,biofuels_production_ktoe,Biofuels Production - Ktoe
Spain,1628,624,1992,0,thousand_tonnes_oil_equivalent,biofuels_production_ktoe,Biofuels Production - Ktoe
Sweden,1940,755,1992,0,thousand_tonnes_oil_equivalent,biofuels_production_ktoe,Biofuels Production - Ktoe
United Kingdom,1654,635,1992,0,thousand_tonnes_oil_equivalent,biofuels_production_ktoe,Biofuels Production - Ktoe
Australia,1482,573,1992,0,thousand_tonnes_oil_equivalent,biofuels_production_ktoe,Biofuels Production - Ktoe
China,1549,599,1992,0,thousand_tonnes_oil_equivalent,biofuels_production_ktoe,Biofuels Production - Ktoe
India,1713,657,1992,0,thousand_tonnes_oil_equivalent,biofuels_production_ktoe,Biofuels Production - Ktoe
Indonesia,1711,656,1992,0,thousand_tonnes_oil_equivalent,biofuels_production_ktoe,Biofuels Production - Ktoe
South Korea,1758,673,1992,0,thousand_tonnes_oil_equivalent,biofuels_production_ktoe,Biofuels Production - Ktoe
Thailand,1953,762,1992,0,thousand_tonnes_oil_equivalent,biofuels_production_ktoe,Biofuels Production - Ktoe
Canada,1540,595,1993,0,thousand_tonnes_oil_equivalent,biofuels_production_ktoe,Biofuels Production - Ktoe
Mexico,1818,692,1993,0,thousand_tonnes_oil_equivalent,biofuels_production_ktoe,Biofuels Production - Ktoe
usa,1996,776,1993,2345.627141772169,thousand_tonnes_oil_equivalent,biofuels_production_ktoe,Biofuels Production - Ktoe
Argentina,1474,569,1993,0,thousand_tonnes_oil_equivalent,biofuels_production_ktoe,Biofuels Production - Ktoe
Brazil,1527,589,1993,6116.893877754305,thousand_tonnes_oil_equivalent,biofuels_production_ktoe,Biofuels Production - Ktoe
Colombia,1590,605,1993,0,thousand_tonnes_oil_equivalent,biofuels_production_ktoe,Biofuels Production - Ktoe
Austria,1484,574,1993,8.7,thousand_tonnes_oil_equivalent,biofuels_production_ktoe,Biofuels Production - Ktoe
Belgium,1487,577,1993,0,thousand_tonnes_oil_equivalent,biofuels_production_ktoe,Biofuels Production - Ktoe
Finland,1631,627,1993,0,thousand_tonnes_oil_equivalent,biofuels_production_ktoe,Biofuels Production - Ktoe
France,1640,630,1993,25.14,thousand_tonnes_oil_equivalent,biofuels_production_ktoe,Biofuels Production - Ktoe
Germany,1608,614,1993,4.443,thousand_tonnes_oil_equivalent,biofuels_production_ktoe,Biofuels Production - Ktoe
Italy,1727,663,1993,0,thousand_tonnes_oil_equivalent,biofuels_production_ktoe,Biofuels Production - Ktoe
Netherlands,1855,714,1993,0,thousand_tonnes_oil_equivalent,biofuels_production_ktoe,Biofuels Production - Ktoe
Poland,1872,726,1993,0,thousand_tonnes_oil_equivalent,biofuels_production_ktoe,Biofuels Production - Ktoe
Portugal,1880,729,1993,0,thousand_tonnes_oil_equivalent,biofuels_production_ktoe,Biofuels Production - Ktoe
Spain,1628,624,1993,0,thousand_tonnes_oil_equivalent,biofuels_production_ktoe,Biofuels Production - Ktoe
Sweden,1940,755,1993,0,thousand_tonnes_oil_equivalent,biofuels_production_ktoe,Biofuels Production - Ktoe
United Kingdom,1654,635,1993,0,thousand_tonnes_oil_equivalent,biofuels_production_ktoe,Biofuels Production - Ktoe
Australia,1482,573,1993,0,thousand_tonnes_oil_equivalent,biofuels_production_ktoe,Biofuels Production - Ktoe
China,1549,599,1993,0,thousand_tonnes_oil_equivalent,biofuels_production_ktoe,Biofuels Production - Ktoe
India,1713,657,1993,0,thousand_tonnes_oil_equivalent,biofuels_production_ktoe,Biofuels Production - Ktoe
Indonesia,1711,656,1993,0,thousand_tonnes_oil_equivalent,biofuels_production_ktoe,Biofuels Production - Ktoe
South Korea,1758,673,1993,0,thousand_tonnes_oil_equivalent,biofuels_production_ktoe,Biofuels Production - Ktoe
Thailand,1953,762,1993,0,thousand_tonnes_oil_equivalent,biofuels_production_ktoe,Biofuels Production - Ktoe
Canada,1540,595,1994,0,thousand_tonnes_oil_equivalent,biofuels_production_ktoe,Biofuels Production - Ktoe
Mexico,1818,692,1994,0,thousand_tonnes_oil_equivalent,biofuels_production_ktoe,Biofuels Production - Ktoe
usa,1996,776,1994,2619.158468703469,thousand_tonnes_oil_equivalent,biofuels_production_ktoe,Biofuels Production - Ktoe
Argentina,1474,569,1994,0,thousand_tonnes_oil_equivalent,biofuels_production_ktoe,Biofuels Production - Ktoe
Brazil,1527,589,1994,6717.041956326423,thousand_tonnes_oil_equivalent,biofuels_production_ktoe,Biofuels Production - Ktoe
Colombia,1590,605,1994,0,thousand_tonnes_oil_equivalent,biofuels_production_ktoe,Biofuels Production - Ktoe
Austria,1484,574,1994,5.8,thousand_tonnes_oil_equivalent,biofuels_production_ktoe,Biofuels Production - Ktoe
Belgium,1487,577,1994,0,thousand_tonnes_oil_equivalent,biofuels_production_ktoe,Biofuels Production - Ktoe
Finland,1631,627,1994,0,thousand_tonnes_oil_equivalent,biofuels_production_ktoe,Biofuels Production - Ktoe
France,1640,630,1994,81.63600000000001,thousand_tonnes_oil_equivalent,biofuels_production_ktoe,Biofuels Production - Ktoe
Germany,1608,614,1994,24.878,thousand_tonnes_oil_equivalent,biofuels_production_ktoe,Biofuels Production - Ktoe
Italy,1727,663,1994,0,thousand_tonnes_oil_equivalent,biofuels_production_ktoe,Biofuels Production - Ktoe
Netherlands,1855,714,1994,0,thousand_tonnes_oil_equivalent,biofuels_production_ktoe,Biofuels Production - Ktoe
Poland,1872,726,1994,0,thousand_tonnes_oil_equivalent,biofuels_production_ktoe,Biofuels Production - Ktoe
Portugal,1880,729,1994,0,thousand_tonnes_oil_equivalent,biofuels_production_ktoe,Biofuels Production - Ktoe
Spain,1628,624,1994,0,thousand_tonnes_oil_equivalent,biofuels_production_ktoe,Biofuels Production - Ktoe
Sweden,1940,755,1994,0,thousand_tonnes_oil_equivalent,biofuels_production_ktoe,Biofuels Production - Ktoe
United Kingdom,1654,635,1994,0,thousand_tonnes_oil_equivalent,biofuels_production_ktoe,Biofuels Production - Ktoe
Australia,1482,573,1994,0,thousand_tonnes_oil_equivalent,biofuels_production_ktoe,Biofuels Production - Ktoe
China,1549,599,1994,0,thousand_tonnes_oil_equivalent,biofuels_production_ktoe,Biofuels Production - Ktoe
India,1713,657,1994,0,thousand_tonnes_oil_equivalent,biofuels_production_ktoe,Biofuels Production - Ktoe
Indonesia,1711,656,1994,0,thousand_tonnes_oil_equivalent,biofuels_production_ktoe,Biofuels Production - Ktoe
South Korea,1758,673,1994,0,thousand_tonnes_oil_equivalent,biofuels_production_ktoe,Biofuels Production - Ktoe
Thailand,1953,762,1994,0,thousand_tonnes_oil_equivalent,biofuels_production_ktoe,Biofuels Production - Ktoe
Canada,1540,595,1995,0,thousand_tonnes_oil_equivalent,biofuels_production_ktoe,Biofuels Production - Ktoe
Mexico,1818,692,1995,0,thousand_tonnes_oil_equivalent,biofuels_production_ktoe,Biofuels Production - Ktoe
usa,1996,776,1995,2758.7831959607515,thousand_tonnes_oil_equivalent,biofuels_production_ktoe,Biofuels Production - Ktoe
Argentina,1474,569,1995,0,thousand_tonnes_oil_equivalent,biofuels_production_ktoe,Biofuels Production - Ktoe
Brazil,1527,589,1995,6841.580734706344,thousand_tonnes_oil_equivalent,biofuels_production_ktoe,Biofuels Production - Ktoe
Colombia,1590,605,1995,0,thousand_tonnes_oil_equivalent,biofuels_production_ktoe,Biofuels Production - Ktoe
Austria,1484,574,1995,11.2,thousand_tonnes_oil_equivalent,biofuels_production_ktoe,Biofuels Production - Ktoe
Belgium,1487,577,1995,0,thousand_tonnes_oil_equivalent,biofuels_production_ktoe,Biofuels Production - Ktoe
Finland,1631,627,1995,0,thousand_tonnes_oil_equivalent,biofuels_production_ktoe,Biofuels Production - Ktoe
France,1640,630,1995,160.05000000000004,thousand_tonnes_oil_equivalent,biofuels_production_ktoe,Biofuels Production - Ktoe
Germany,1608,614,1995,31.098,thousand_tonnes_oil_equivalent,biofuels_production_ktoe,Biofuels Production - Ktoe
Italy,1727,663,1995,0,thousand_tonnes_oil_equivalent,biofuels_production_ktoe,Biofuels Production - Ktoe
Netherlands,1855,714,1995,0,thousand_tonnes_oil_equivalent,biofuels_production_ktoe,Biofuels Production - Ktoe
Poland,1872,726,1995,0,thousand_tonnes_oil_equivalent,biofuels_production_ktoe,Biofuels Production - Ktoe
Portugal,1880,729,1995,0,thousand_tonnes_oil_equivalent,biofuels_production_ktoe,Biofuels Production - Ktoe
Spain,1628,624,1995,0,thousand_tonnes_oil_equivalent,biofuels_production_ktoe,Biofuels Production - Ktoe
Sweden,1940,755,1995,0,thousand_tonnes_oil_equivalent,biofuels_production_ktoe,Biofuels Production - Ktoe
United Kingdom,1654,635,1995,0,thousand_tonnes_oil_equivalent,biofuels_production_ktoe,Biofuels Production - Ktoe
Australia,1482,573,1995,0,thousand_tonnes_oil_equivalent,biofuels_production_ktoe,Biofuels Production - Ktoe
China,1549,599,1995,0,thousand_tonnes_oil_equivalent,biofuels_production_ktoe,Biofuels Production - Ktoe
India,1713,657,1995,0,thousand_tonnes_oil_equivalent,biofuels_production_ktoe,Biofuels Production - Ktoe
Indonesia,1711,656,1995,0,thousand_tonnes_oil_equivalent,biofuels_production_ktoe,Biofuels Production - Ktoe
South Korea,1758,673,1995,0,thousand_tonnes_oil_equivalent,biofuels_production_ktoe,Biofuels Production - Ktoe
Thailand,1953,762,1995,0,thousand_tonnes_oil_equivalent,biofuels_production_ktoe,Biofuels Production - Ktoe
Canada,1540,595,1996,0,thousand_tonnes_oil_equivalent,biofuels_production_ktoe,Biofuels Production - Ktoe
Mexico,1818,692,1996,0,thousand_tonnes_oil_equivalent,biofuels_production_ktoe,Biofuels Production - Ktoe
usa,1996,776,1996,1978.1307630619744,thousand_tonnes_oil_equivalent,biofuels_production_ktoe,Biofuels Production - Ktoe
Argentina,1474,569,1996,0,thousand_tonnes_oil_equivalent,biofuels_production_ktoe,Biofuels Production - Ktoe
Brazil,1527,589,1996,7587.202989748099,thousand_tonnes_oil_equivalent,biofuels_production_ktoe,Biofuels Production - Ktoe
Colombia,1590,605,1996,0,thousand_tonnes_oil_equivalent,biofuels_production_ktoe,Biofuels Production - Ktoe
Austria,1484,574,1996,12.2,thousand_tonnes_oil_equivalent,biofuels_production_ktoe,Biofuels Production - Ktoe
Belgium,1487,577,1996,0,thousand_tonnes_oil_equivalent,biofuels_production_ktoe,Biofuels Production - Ktoe
Finland,1631,627,1996,0,thousand_tonnes_oil_equivalent,biofuels_production_ktoe,Biofuels Production - Ktoe
France,1640,630,1996,230.314,thousand_tonnes_oil_equivalent,biofuels_production_ktoe,Biofuels Production - Ktoe
Germany,1608,614,1996,48.868,thousand_tonnes_oil_equivalent,biofuels_production_ktoe,Biofuels Production - Ktoe
Italy,1727,663,1996,0,thousand_tonnes_oil_equivalent,biofuels_production_ktoe,Biofuels Production - Ktoe
Netherlands,1855,714,1996,0,thousand_tonnes_oil_equivalent,biofuels_production_ktoe,Biofuels Production - Ktoe
Poland,1872,726,1996,0,thousand_tonnes_oil_equivalent,biofuels_production_ktoe,Biofuels Production - Ktoe
Portugal,1880,729,1996,0,thousand_tonnes_oil_equivalent,biofuels_production_ktoe,Biofuels Production - Ktoe
Spain,1628,624,1996,0,thousand_tonnes_oil_equivalent,biofuels_production_ktoe,Biofuels Production - Ktoe
Sweden,1940,755,1996,0,thousand_tonnes_oil_equivalent,biofuels_production_ktoe,Biofuels Production - Ktoe
United Kingdom,1654,635,1996,0,thousand_tonnes_oil_equivalent,biofuels_production_ktoe,Biofuels Production - Ktoe
Australia,1482,573,1996,0,thousand_tonnes_oil_equivalent,biofuels_production_ktoe,Biofuels Production - Ktoe
China,1549,599,1996,0,thousand_tonnes_oil_equivalent,biofuels_production_ktoe,Biofuels Production - Ktoe
India,1713,657,1996,0,thousand_tonnes_oil_equivalent,biofuels_production_ktoe,Biofuels Production - Ktoe
Indonesia,1711,656,1996,0,thousand_tonnes_oil_equivalent,biofuels_production_ktoe,Biofuels Production - Ktoe
South Korea,1758,673,1996,0,thousand_tonnes_oil_equivalent,biofuels_production_ktoe,Biofuels Production - Ktoe
Thailand,1953,762,1996,0,thousand_tonnes_oil_equivalent,biofuels_production_ktoe,Biofuels Production - Ktoe
Canada,1540,595,1997,0,thousand_tonnes_oil_equivalent,biofuels_production_ktoe,Biofuels Production - Ktoe
Mexico,1818,692,1997,0,thousand_tonnes_oil_equivalent,biofuels_production_ktoe,Biofuels Production - Ktoe
usa,1996,776,1997,2617.8782908863172,thousand_tonnes_oil_equivalent,biofuels_production_ktoe,Biofuels Production - Ktoe
Argentina,1474,569,1997,0,thousand_tonnes_oil_equivalent,biofuels_production_ktoe,Biofuels Production - Ktoe
Brazil,1527,589,1997,8317.25789749236,thousand_tonnes_oil_equivalent,biofuels_production_ktoe,Biofuels Production - Ktoe
Colombia,1590,605,1997,0,thousand_tonnes_oil_equivalent,biofuels_production_ktoe,Biofuels Production - Ktoe
Austria,1484,574,1997,13.2,thousand_tonnes_oil_equivalent,biofuels_production_ktoe,Biofuels Production - Ktoe
Belgium,1487,577,1997,0,thousand_tonnes_oil_equivalent,biofuels_production_ktoe,Biofuels Production - Ktoe
Finland,1631,627,1997,0,thousand_tonnes_oil_equivalent,biofuels_production_ktoe,Biofuels Production - Ktoe
France,1640,630,1997,275.718,thousand_tonnes_oil_equivalent,biofuels_production_ktoe,Biofuels Production - Ktoe
Germany,1608,614,1997,79.966,thousand_tonnes_oil_equivalent,biofuels_production_ktoe,Biofuels Production - Ktoe
Italy,1727,663,1997,0,thousand_tonnes_oil_equivalent,biofuels_production_ktoe,Biofuels Production - Ktoe
Netherlands,1855,714,1997,0,thousand_tonnes_oil_equivalent,biofuels_production_ktoe,Biofuels Production - Ktoe
Poland,1872,726,1997,0,thousand_tonnes_oil_equivalent,biofuels_production_ktoe,Biofuels Production - Ktoe
Portugal,1880,729,1997,0,thousand_tonnes_oil_equivalent,biofuels_production_ktoe,Biofuels Production - Ktoe
Spain,1628,624,1997,0,thousand_tonnes_oil_equivalent,biofuels_production_ktoe,Biofuels Production - Ktoe
Sweden,1940,755,1997,0,thousand_tonnes_oil_equivalent,biofuels_production_ktoe,Biofuels Production - Ktoe
United Kingdom,1654,635,1997,0,thousand_tonnes_oil_equivalent,biofuels_production_ktoe,Biofuels Production - Ktoe
Australia,1482,573,1997,0,thousand_tonnes_oil_equivalent,biofuels_production_ktoe,Biofuels Production - Ktoe
China,1549,599,1997,0,thousand_tonnes_oil_equivalent,biofuels_production_ktoe,Biofuels Production - Ktoe
India,1713,657,1997,0,thousand_tonnes_oil_equivalent,biofuels_production_ktoe,Biofuels Production - Ktoe
Indonesia,1711,656,1997,0,thousand_tonnes_oil_equivalent,biofuels_production_ktoe,Biofuels Production - Ktoe
South Korea,1758,673,1997,0,thousand_tonnes_oil_equivalent,biofuels_production_ktoe,Biofuels Production - Ktoe
Thailand,1953,762,1997,0,thousand_tonnes_oil_equivalent,biofuels_production_ktoe,Biofuels Production - Ktoe
Canada,1540,595,1998,0,thousand_tonnes_oil_equivalent,biofuels_production_ktoe,Biofuels Production - Ktoe
Mexico,1818,692,1998,0,thousand_tonnes_oil_equivalent,biofuels_production_ktoe,Biofuels Production - Ktoe
usa,1996,776,1998,2855.0525678105237,thousand_tonnes_oil_equivalent,biofuels_production_ktoe,Biofuels Production - Ktoe
Argentina,1474,569,1998,0,thousand_tonnes_oil_equivalent,biofuels_production_ktoe,Biofuels Production - Ktoe
Brazil,1527,589,1998,7580.224523718173,thousand_tonnes_oil_equivalent,biofuels_production_ktoe,Biofuels Production - Ktoe
Colombia,1590,605,1998,0,thousand_tonnes_oil_equivalent,biofuels_production_ktoe,Biofuels Production - Ktoe
Austria,1484,574,1998,14.2,thousand_tonnes_oil_equivalent,biofuels_production_ktoe,Biofuels Production - Ktoe
Belgium,1487,577,1998,0,thousand_tonnes_oil_equivalent,biofuels_production_ktoe,Biofuels Production - Ktoe
Finland,1631,627,1998,0,thousand_tonnes_oil_equivalent,biofuels_production_ktoe,Biofuels Production - Ktoe
France,1640,630,1998,257.75300000000004,thousand_tonnes_oil_equivalent,biofuels_production_ktoe,Biofuels Production - Ktoe
Germany,1608,614,1998,88.851,thousand_tonnes_oil_equivalent,biofuels_production_ktoe,Biofuels Production - Ktoe
Italy,1727,663,1998,0,thousand_tonnes_oil_equivalent,biofuels_production_ktoe,Biofuels Production - Ktoe
Netherlands,1855,714,1998,0,thousand_tonnes_oil_equivalent,biofuels_production_ktoe,Biofuels Production - Ktoe
Poland,1872,726,1998,0,thousand_tonnes_oil_equivalent,biofuels_production_ktoe,Biofuels Production - Ktoe
Portugal,1880,729,1998,0,thousand_tonnes_oil_equivalent,biofuels_production_ktoe,Biofuels Production - Ktoe
Spain,1628,624,1998,0,thousand_tonnes_oil_equivalent,biofuels_production_ktoe,Biofuels Production - Ktoe
Sweden,1940,755,1998,0,thousand_tonnes_oil_equivalent,biofuels_production_ktoe,Biofuels Production - Ktoe
United Kingdom,1654,635,1998,0,thousand_tonnes_oil_equivalent,biofuels_production_ktoe,Biofuels Production - Ktoe
Australia,1482,573,1998,0,thousand_tonnes_oil_equivalent,biofuels_production_ktoe,Biofuels Production - Ktoe
China,1549,599,1998,0,thousand_tonnes_oil_equivalent,biofuels_production_ktoe,Biofuels Production - Ktoe
India,1713,657,1998,0,thousand_tonnes_oil_equivalent,biofuels_production_ktoe,Biofuels Production - Ktoe
Indonesia,1711,656,1998,0,thousand_tonnes_oil_equivalent,biofuels_production_ktoe,Biofuels Production - Ktoe
South Korea,1758,673,1998,0,thousand_tonnes_oil_equivalent,biofuels_production_ktoe,Biofuels Production - Ktoe
Thailand,1953,762,1998,0,thousand_tonnes_oil_equivalent,biofuels_production_ktoe,Biofuels Production - Ktoe
Canada,1540,595,1999,52.956689036153065,thousand_tonnes_oil_equivalent,biofuels_production_ktoe,Biofuels Production - Ktoe
Mexico,1818,692,1999,0,thousand_tonnes_oil_equivalent,biofuels_production_ktoe,Biofuels Production - Ktoe
usa,1996,776,1999,2976.9254960033145,thousand_tonnes_oil_equivalent,biofuels_production_ktoe,Biofuels Production - Ktoe
Argentina,1474,569,1999,0,thousand_tonnes_oil_equivalent,biofuels_production_ktoe,Biofuels Production - Ktoe
Brazil,1527,589,1999,6968.266733403103,thousand_tonnes_oil_equivalent,biofuels_production_ktoe,Biofuels Production - Ktoe
Colombia,1590,605,1999,0,thousand_tonnes_oil_equivalent,biofuels_production_ktoe,Biofuels Production - Ktoe
Austria,1484,574,1999,15.6,thousand_tonnes_oil_equivalent,biofuels_production_ktoe,Biofuels Production - Ktoe
Belgium,1487,577,1999,0,thousand_tonnes_oil_equivalent,biofuels_production_ktoe,Biofuels Production - Ktoe
Finland,1631,627,1999,0,thousand_tonnes_oil_equivalent,biofuels_production_ktoe,Biofuels Production - Ktoe
France,1640,630,1999,270.959,thousand_tonnes_oil_equivalent,biofuels_production_ktoe,Biofuels Production - Ktoe
Germany,1608,614,1999,115.506,thousand_tonnes_oil_equivalent,biofuels_production_ktoe,Biofuels Production - Ktoe
Italy,1727,663,1999,0,thousand_tonnes_oil_equivalent,biofuels_production_ktoe,Biofuels Production - Ktoe
Netherlands,1855,714,1999,0,thousand_tonnes_oil_equivalent,biofuels_production_ktoe,Biofuels Production - Ktoe
Poland,1872,726,1999,0,thousand_tonnes_oil_equivalent,biofuels_production_ktoe,Biofuels Production - Ktoe
Portugal,1880,729,1999,0,thousand_tonnes_oil_equivalent,biofuels_production_ktoe,Biofuels Production - Ktoe
Spain,1628,624,1999,0,thousand_tonnes_oil_equivalent,biofuels_production_ktoe,Biofuels Production - Ktoe
Sweden,1940,755,1999,0,thousand_tonnes_oil_equivalent,biofuels_production_ktoe,Biofuels Production - Ktoe
United Kingdom,1654,635,1999,0,thousand_tonnes_oil_equivalent,biofuels_production_ktoe,Biofuels Production - Ktoe
Australia,1482,573,1999,0,thousand_tonnes_oil_equivalent,biofuels_production_ktoe,Biofuels Production - Ktoe
China,1549,599,1999,0,thousand_tonnes_oil_equivalent,biofuels_production_ktoe,Biofuels Production - Ktoe
India,1713,657,1999,0,thousand_tonnes_oil_equivalent,biofuels_production_ktoe,Biofuels Production - Ktoe
Indonesia,1711,656,1999,0,thousand_tonnes_oil_equivalent,biofuels_production_ktoe,Biofuels Production - Ktoe
South Korea,1758,673,1999,0,thousand_tonnes_oil_equivalent,biofuels_production_ktoe,Biofuels Production - Ktoe
Thailand,1953,762,1999,0,thousand_tonnes_oil_equivalent,biofuels_production_ktoe,Biofuels Production - Ktoe
Canada,1540,595,2000,115.57445333240656,thousand_tonnes_oil_equivalent,biofuels_production_ktoe,Biofuels Production - Ktoe
Mexico,1818,692,2000,0,thousand_tonnes_oil_equivalent,biofuels_production_ktoe,Biofuels Production - Ktoe
usa,1996,776,2000,3296.628569539859,thousand_tonnes_oil_equivalent,biofuels_production_ktoe,Biofuels Production - Ktoe
Argentina,1474,569,2000,4.574895519278009,thousand_tonnes_oil_equivalent,biofuels_production_ktoe,Biofuels Production - Ktoe
Brazil,1527,589,2000,5743.81434769382,thousand_tonnes_oil_equivalent,biofuels_production_ktoe,Biofuels Production - Ktoe
Colombia,1590,605,2000,0,thousand_tonnes_oil_equivalent,biofuels_production_ktoe,Biofuels Production - Ktoe
Austria,1484,574,2000,18.299582077112017,thousand_tonnes_oil_equivalent,biofuels_production_ktoe,Biofuels Production - Ktoe
Belgium,1487,577,2000,0,thousand_tonnes_oil_equivalent,biofuels_production_ktoe,Biofuels Production - Ktoe
Finland,1631,627,2000,0,thousand_tonnes_oil_equivalent,biofuels_production_ktoe,Biofuels Production - Ktoe
France,1640,630,2000,324.666,thousand_tonnes_oil_equivalent,biofuels_production_ktoe,Biofuels Production - Ktoe
Germany,1608,614,2000,222.127,thousand_tonnes_oil_equivalent,biofuels_production_ktoe,Biofuels Production - Ktoe
Italy,1727,663,2000,0,thousand_tonnes_oil_equivalent,biofuels_production_ktoe,Biofuels Production - Ktoe
Netherlands,1855,714,2000,0,thousand_tonnes_oil_equivalent,biofuels_production_ktoe,Biofuels Production - Ktoe
Poland,1872,726,2000,0,thousand_tonnes_oil_equivalent,biofuels_production_ktoe,Biofuels Production - Ktoe
Portugal,1880,729,2000,0,thousand_tonnes_oil_equivalent,biofuels_production_ktoe,Biofuels Production - Ktoe
Spain,1628,624,2000,73.19832830844807,thousand_tonnes_oil_equivalent,biofuels_production_ktoe,Biofuels Production - Ktoe
Sweden,1940,755,2000,0,thousand_tonnes_oil_equivalent,biofuels_production_ktoe,Biofuels Production - Ktoe
United Kingdom,1654,635,2000,0,thousand_tonnes_oil_equivalent,biofuels_production_ktoe,Biofuels Production - Ktoe
Australia,1482,573,2000,0,thousand_tonnes_oil_equivalent,biofuels_production_ktoe,Biofuels Production - Ktoe
China,1549,599,2000,0,thousand_tonnes_oil_equivalent,biofuels_production_ktoe,Biofuels Production - Ktoe
India,1713,657,2000,90.58538234161657,thousand_tonnes_oil_equivalent,biofuels_production_ktoe,Biofuels Production - Ktoe
Indonesia,1711,656,2000,0,thousand_tonnes_oil_equivalent,biofuels_production_ktoe,Biofuels Production - Ktoe
South Korea,1758,673,2000,0,thousand_tonnes_oil_equivalent,biofuels_production_ktoe,Biofuels Production - Ktoe
Thailand,1953,762,2000,0,thousand_tonnes_oil_equivalent,biofuels_production_ktoe,Biofuels Production - Ktoe
Canada,1540,595,2001,121.48887484764495,thousand_tonnes_oil_equivalent,biofuels_production_ktoe,Biofuels Production - Ktoe
Mexico,1818,692,2001,0,thousand_tonnes_oil_equivalent,biofuels_production_ktoe,Biofuels Production - Ktoe
usa,1996,776,2001,3612.4123328511614,thousand_tonnes_oil_equivalent,biofuels_production_ktoe,Biofuels Production - Ktoe
Argentina,1474,569,2001,9.124791609488897,thousand_tonnes_oil_equivalent,biofuels_production_ktoe,Biofuels Production - Ktoe
Brazil,1527,589,2001,6155.007038379189,thousand_tonnes_oil_equivalent,biofuels_production_ktoe,Biofuels Production - Ktoe
Colombia,1590,605,2001,0,thousand_tonnes_oil_equivalent,biofuels_production_ktoe,Biofuels Production - Ktoe
Austria,1484,574,2001,18.249583218977794,thousand_tonnes_oil_equivalent,biofuels_production_ktoe,Biofuels Production - Ktoe
Belgium,1487,577,2001,0,thousand_tonnes_oil_equivalent,biofuels_production_ktoe,Biofuels Production - Ktoe
Finland,1631,627,2001,0,thousand_tonnes_oil_equivalent,biofuels_production_ktoe,Biofuels Production - Ktoe
France,1640,630,2001,323.89500000000004,thousand_tonnes_oil_equivalent,biofuels_production_ktoe,Biofuels Production - Ktoe
Germany,1608,614,2001,310.977,thousand_tonnes_oil_equivalent,biofuels_production_ktoe,Biofuels Production - Ktoe
Italy,1727,663,2001,0,thousand_tonnes_oil_equivalent,biofuels_production_ktoe,Biofuels Production - Ktoe
Netherlands,1855,714,2001,0,thousand_tonnes_oil_equivalent,biofuels_production_ktoe,Biofuels Production - Ktoe
Poland,1872,726,2001,0,thousand_tonnes_oil_equivalent,biofuels_production_ktoe,Biofuels Production - Ktoe
Portugal,1880,729,2001,0,thousand_tonnes_oil_equivalent,biofuels_production_ktoe,Biofuels Production - Ktoe
Spain,1628,624,2001,72.99833287591136,thousand_tonnes_oil_equivalent,biofuels_production_ktoe,Biofuels Production - Ktoe
Sweden,1940,755,2001,14.584999999999999,thousand_tonnes_oil_equivalent,biofuels_production_ktoe,Biofuels Production - Ktoe
United Kingdom,1654,635,2001,0,thousand_tonnes_oil_equivalent,biofuels_production_ktoe,Biofuels Production - Ktoe
Australia,1482,573,2001,0,thousand_tonnes_oil_equivalent,biofuels_production_ktoe,Biofuels Production - Ktoe
China,1549,599,2001,4.562395804744456,thousand_tonnes_oil_equivalent,biofuels_production_ktoe,Biofuels Production - Ktoe
India,1713,657,2001,93.45298065203498,thousand_tonnes_oil_equivalent,biofuels_production_ktoe,Biofuels Production - Ktoe
Indonesia,1711,656,2001,0,thousand_tonnes_oil_equivalent,biofuels_production_ktoe,Biofuels Production - Ktoe
South Korea,1758,673,2001,0,thousand_tonnes_oil_equivalent,biofuels_production_ktoe,Biofuels Production - Ktoe
Thailand,1953,762,2001,0,thousand_tonnes_oil_equivalent,biofuels_production_ktoe,Biofuels Production - Ktoe
Canada,1540,595,2002,124.60397420271286,thousand_tonnes_oil_equivalent,biofuels_production_ktoe,Biofuels Production - Ktoe
Mexico,1818,692,2002,0,thousand_tonnes_oil_equivalent,biofuels_production_ktoe,Biofuels Production - Ktoe
usa,1996,776,2002,4380.051158719371,thousand_tonnes_oil_equivalent,biofuels_production_ktoe,Biofuels Production - Ktoe
Argentina,1474,569,2002,9.124791609488897,thousand_tonnes_oil_equivalent,biofuels_production_ktoe,Biofuels Production - Ktoe
Brazil,1527,589,2002,6756.765532188978,thousand_tonnes_oil_equivalent,biofuels_production_ktoe,Biofuels Production - Ktoe
Colombia,1590,605,2002,0,thousand_tonnes_oil_equivalent,biofuels_production_ktoe,Biofuels Production - Ktoe
Austria,1484,574,2002,22.811979023722284,thousand_tonnes_oil_equivalent,biofuels_production_ktoe,Biofuels Production - Ktoe
Belgium,1487,577,2002,0,thousand_tonnes_oil_equivalent,biofuels_production_ktoe,Biofuels Production - Ktoe
Finland,1631,627,2002,0,thousand_tonnes_oil_equivalent,biofuels_production_ktoe,Biofuels Production - Ktoe
France,1640,630,2002,346.928,thousand_tonnes_oil_equivalent,biofuels_production_ktoe,Biofuels Production - Ktoe
Germany,1608,614,2002,488.679,thousand_tonnes_oil_equivalent,biofuels_production_ktoe,Biofuels Production - Ktoe
Italy,1727,663,2002,0,thousand_tonnes_oil_equivalent,biofuels_production_ktoe,Biofuels Production - Ktoe
Netherlands,1855,714,2002,0,thousand_tonnes_oil_equivalent,biofuels_production_ktoe,Biofuels Production - Ktoe
Poland,1872,726,2002,0,thousand_tonnes_oil_equivalent,biofuels_production_ktoe,Biofuels Production - Ktoe
Portugal,1880,729,2002,0,thousand_tonnes_oil_equivalent,biofuels_production_ktoe,Biofuels Production - Ktoe
Spain,1628,624,2002,130.73792417252344,thousand_tonnes_oil_equivalent,biofuels_production_ktoe,Biofuels Production - Ktoe
Sweden,1940,755,2002,32.657000000000004,thousand_tonnes_oil_equivalent,biofuels_production_ktoe,Biofuels Production - Ktoe
United Kingdom,1654,635,2002,2.737437482846678,thousand_tonnes_oil_equivalent,biofuels_production_ktoe,Biofuels Production - Ktoe
Australia,1482,573,2002,0,thousand_tonnes_oil_equivalent,biofuels_production_ktoe,Biofuels Production - Ktoe
China,1549,599,2002,160.3173635581359,thousand_tonnes_oil_equivalent,biofuels_production_ktoe,Biofuels Production - Ktoe
India,1713,657,2002,99.68317936217016,thousand_tonnes_oil_equivalent,biofuels_production_ktoe,Biofuels Production - Ktoe
Indonesia,1711,656,2002,0,thousand_tonnes_oil_equivalent,biofuels_production_ktoe,Biofuels Production - Ktoe
South Korea,1758,673,2002,0.9124791609488896,thousand_tonnes_oil_equivalent,biofuels_production_ktoe,Biofuels Production - Ktoe
Thailand,1953,762,2002,0,thousand_tonnes_oil_equivalent,biofuels_production_ktoe,Biofuels Production - Ktoe
Canada,1540,595,2003,124.60397420271286,thousand_tonnes_oil_equivalent,biofuels_production_ktoe,Biofuels Production - Ktoe
Mexico,1818,692,2003,0,thousand_tonnes_oil_equivalent,biofuels_production_ktoe,Biofuels Production - Ktoe
usa,1996,776,2003,5740.958183408249,thousand_tonnes_oil_equivalent,biofuels_production_ktoe,Biofuels Production - Ktoe
Argentina,1474,569,2003,9.124791609488897,thousand_tonnes_oil_equivalent,biofuels_production_ktoe,Biofuels Production - Ktoe
Brazil,1527,589,2003,7767.730537890995,thousand_tonnes_oil_equivalent,biofuels_production_ktoe,Biofuels Production - Ktoe
Colombia,1590,605,2003,0,thousand_tonnes_oil_equivalent,biofuels_production_ktoe,Biofuels Production - Ktoe
Austria,1484,574,2003,27.374374828466777,thousand_tonnes_oil_equivalent,biofuels_production_ktoe,Biofuels Production - Ktoe
Belgium,1487,577,2003,0,thousand_tonnes_oil_equivalent,biofuels_production_ktoe,Biofuels Production - Ktoe
Finland,1631,627,2003,0,thousand_tonnes_oil_equivalent,biofuels_production_ktoe,Biofuels Production - Ktoe
France,1640,630,2003,380.919,thousand_tonnes_oil_equivalent,biofuels_production_ktoe,Biofuels Production - Ktoe
Germany,1608,614,2003,594.403,thousand_tonnes_oil_equivalent,biofuels_production_ktoe,Biofuels Production - Ktoe
Italy,1727,663,2003,0,thousand_tonnes_oil_equivalent,biofuels_production_ktoe,Biofuels Production - Ktoe
Netherlands,1855,714,2003,0,thousand_tonnes_oil_equivalent,biofuels_production_ktoe,Biofuels Production - Ktoe
Poland,1872,726,2003,31.150993550678287,thousand_tonnes_oil_equivalent,biofuels_production_ktoe,Biofuels Production - Ktoe
Portugal,1880,729,2003,0,thousand_tonnes_oil_equivalent,biofuels_production_ktoe,Biofuels Production - Ktoe
Spain,1628,624,2003,184.70089674692395,thousand_tonnes_oil_equivalent,biofuels_production_ktoe,Biofuels Production - Ktoe
Sweden,1940,755,2003,90.433,thousand_tonnes_oil_equivalent,biofuels_production_ktoe,Biofuels Production - Ktoe
United Kingdom,1654,635,2003,9.124791609488897,thousand_tonnes_oil_equivalent,biofuels_production_ktoe,Biofuels Production - Ktoe
Australia,1482,573,2003,27.377059040409804,thousand_tonnes_oil_equivalent,biofuels_production_ktoe,Biofuels Production - Ktoe
China,1549,599,2003,440.6763055142402,thousand_tonnes_oil_equivalent,biofuels_production_ktoe,Biofuels Production - Ktoe
India,1713,657,2003,102.79827871723808,thousand_tonnes_oil_equivalent,biofuels_production_ktoe,Biofuels Production - Ktoe
Indonesia,1711,656,2003,0,thousand_tonnes_oil_equivalent,biofuels_production_ktoe,Biofuels Production - Ktoe
South Korea,1758,673,2003,1.4505544752725246,thousand_tonnes_oil_equivalent,biofuels_production_ktoe,Biofuels Production - Ktoe
Thailand,1953,762,2003,0,thousand_tonnes_oil_equivalent,biofuels_production_ktoe,Biofuels Production - Ktoe
Canada,1540,595,2004,129.3640040415622,thousand_tonnes_oil_equivalent,biofuels_production_ktoe,Biofuels Production - Ktoe
Mexico,1818,692,2004,0,thousand_tonnes_oil_equivalent,biofuels_production_ktoe,Biofuels Production - Ktoe
usa,1996,776,2004,7001.187971625808,thousand_tonnes_oil_equivalent,biofuels_production_ktoe,Biofuels Production - Ktoe
Argentina,1474,569,2004,9.149791038556053,thousand_tonnes_oil_equivalent,biofuels_production_ktoe,Biofuels Production - Ktoe
Brazil,1527,589,2004,7863.120800469039,thousand_tonnes_oil_equivalent,biofuels_production_ktoe,Biofuels Production - Ktoe
Colombia,1590,605,2004,0,thousand_tonnes_oil_equivalent,biofuels_production_ktoe,Biofuels Production - Ktoe
Austria,1484,574,2004,50.323850712058025,thousand_tonnes_oil_equivalent,biofuels_production_ktoe,Biofuels Production - Ktoe
Belgium,1487,577,2004,0,thousand_tonnes_oil_equivalent,biofuels_production_ktoe,Biofuels Production - Ktoe
Finland,1631,627,2004,1.561816936924417,thousand_tonnes_oil_equivalent,biofuels_production_ktoe,Biofuels Production - Ktoe
France,1640,630,2004,399.3,thousand_tonnes_oil_equivalent,biofuels_production_ktoe,Biofuels Production - Ktoe
Germany,1608,614,2004,910.3095354953954,thousand_tonnes_oil_equivalent,biofuels_production_ktoe,Biofuels Production - Ktoe
Italy,1727,663,2004,252.74699999999999,thousand_tonnes_oil_equivalent,biofuels_production_ktoe,Biofuels Production - Ktoe
Netherlands,1855,714,2004,6.247267747697668,thousand_tonnes_oil_equivalent,biofuels_production_ktoe,Biofuels Production - Ktoe
Poland,1872,726,2004,6.247267747697668,thousand_tonnes_oil_equivalent,biofuels_production_ktoe,Biofuels Production - Ktoe
Portugal,1880,729,2004,0,thousand_tonnes_oil_equivalent,biofuels_production_ktoe,Biofuels Production - Ktoe
Spain,1628,624,2004,225.59305637806975,thousand_tonnes_oil_equivalent,biofuels_production_ktoe,Biofuels Production - Ktoe
Sweden,1940,755,2004,170.336,thousand_tonnes_oil_equivalent,biofuels_production_ktoe,Biofuels Production - Ktoe
United Kingdom,1654,635,2004,9.149791038556053,thousand_tonnes_oil_equivalent,biofuels_production_ktoe,Biofuels Production - Ktoe
Australia,1482,573,2004,17.458217420647312,thousand_tonnes_oil_equivalent,biofuels_production_ktoe,Biofuels Production - Ktoe
China,1549,599,2004,541.3799747429995,thousand_tonnes_oil_equivalent,biofuels_production_ktoe,Biofuels Production - Ktoe
India,1713,657,2004,20.130190470889552,thousand_tonnes_oil_equivalent,biofuels_production_ktoe,Biofuels Production - Ktoe
Indonesia,1711,656,2004,0,thousand_tonnes_oil_equivalent,biofuels_production_ktoe,Biofuels Production - Ktoe
South Korea,1758,673,2004,4.638629487321356,thousand_tonnes_oil_equivalent,biofuels_production_ktoe,Biofuels Production - Ktoe
Thailand,1953,762,2004,3.123633873848834,thousand_tonnes_oil_equivalent,biofuels_production_ktoe,Biofuels Production - Ktoe
Canada,1540,595,2005,150.3203188858106,thousand_tonnes_oil_equivalent,biofuels_production_ktoe,Biofuels Production - Ktoe
Mexico,1818,692,2005,0,thousand_tonnes_oil_equivalent,biofuels_production_ktoe,Biofuels Production - Ktoe
usa,1996,776,2005,8203.965927163285,thousand_tonnes_oil_equivalent,biofuels_production_ktoe,Biofuels Production - Ktoe
Argentina,1474,569,2005,9.124791609488897,thousand_tonnes_oil_equivalent,biofuels_production_ktoe,Biofuels Production - Ktoe
Brazil,1527,589,2005,8610.871461147903,thousand_tonnes_oil_equivalent,biofuels_production_ktoe,Biofuels Production - Ktoe
Colombia,1590,605,2005,15.575496775339143,thousand_tonnes_oil_equivalent,biofuels_production_ktoe,Biofuels Production - Ktoe
Austria,1484,574,2005,72.99833287591136,thousand_tonnes_oil_equivalent,biofuels_production_ktoe,Biofuels Production - Ktoe
Belgium,1487,577,2005,0,thousand_tonnes_oil_equivalent,biofuels_production_ktoe,Biofuels Production - Ktoe
Finland,1631,627,2005,6.230198710135656,thousand_tonnes_oil_equivalent,biofuels_production_ktoe,Biofuels Production - Ktoe
France,1640,630,2005,645.0300000000001,thousand_tonnes_oil_equivalent,biofuels_production_ktoe,Biofuels Production - Ktoe
Germany,1608,614,2005,1390.917,thousand_tonnes_oil_equivalent,biofuels_production_ktoe,Biofuels Production - Ktoe
Italy,1727,663,2005,176.746,thousand_tonnes_oil_equivalent,biofuels_production_ktoe,Biofuels Production - Ktoe
Netherlands,1855,714,2005,3.115099355067828,thousand_tonnes_oil_equivalent,biofuels_production_ktoe,Biofuels Production - Ktoe
Poland,1872,726,2005,117.05073675829013,thousand_tonnes_oil_equivalent,biofuels_production_ktoe,Biofuels Production - Ktoe
Portugal,1880,729,2005,0.9124791609488896,thousand_tonnes_oil_equivalent,biofuels_production_ktoe,Biofuels Production - Ktoe
Spain,1628,624,2005,301.75163350521393,thousand_tonnes_oil_equivalent,biofuels_production_ktoe,Biofuels Production - Ktoe
Sweden,1940,755,2005,35.971000000000004,thousand_tonnes_oil_equivalent,biofuels_production_ktoe,Biofuels Production - Ktoe
United Kingdom,1654,635,2005,7.888000000000001,thousand_tonnes_oil_equivalent,biofuels_production_ktoe,Biofuels Production - Ktoe
Australia,1482,573,2005,23.618528748529396,thousand_tonnes_oil_equivalent,biofuels_production_ktoe,Biofuels Production - Ktoe
China,1549,599,2005,753.6635943823329,thousand_tonnes_oil_equivalent,biofuels_production_ktoe,Biofuels Production - Ktoe
India,1713,657,2005,82.64799656847885,thousand_tonnes_oil_equivalent,biofuels_production_ktoe,Biofuels Production - Ktoe
Indonesia,1711,656,2005,8.837298175217352,thousand_tonnes_oil_equivalent,biofuels_production_ktoe,Biofuels Production - Ktoe
South Korea,1758,673,2005,11.451911374969946,thousand_tonnes_oil_equivalent,biofuels_production_ktoe,Biofuels Production - Ktoe
Thailand,1953,762,2005,55.63077547979172,thousand_tonnes_oil_equivalent,biofuels_production_ktoe,Biofuels Production - Ktoe
Canada,1540,595,2006,172.41356432385396,thousand_tonnes_oil_equivalent,biofuels_production_ktoe,Biofuels Production - Ktoe
Mexico,1818,692,2006,0,thousand_tonnes_oil_equivalent,biofuels_production_ktoe,Biofuels Production - Ktoe
usa,1996,776,2006,10670.470886785577,thousand_tonnes_oil_equivalent,biofuels_production_ktoe,Biofuels Production - Ktoe
Argentina,1474,569,2006,30.489474183534604,thousand_tonnes_oil_equivalent,biofuels_production_ktoe,Biofuels Production - Ktoe
Brazil,1527,589,2006,9590.196021427724,thousand_tonnes_oil_equivalent,biofuels_production_ktoe,Biofuels Production - Ktoe
Colombia,1590,605,2006,117.0901483029644,thousand_tonnes_oil_equivalent,biofuels_production_ktoe,Biofuels Production - Ktoe
Austria,1484,574,2006,109.49749931386711,thousand_tonnes_oil_equivalent,biofuels_production_ktoe,Biofuels Production - Ktoe
Belgium,1487,577,2006,0,thousand_tonnes_oil_equivalent,biofuels_production_ktoe,Biofuels Production - Ktoe
Finland,1631,627,2006,12.460397420271288,thousand_tonnes_oil_equivalent,biofuels_production_ktoe,Biofuels Production - Ktoe
France,1640,630,2006,676.364,thousand_tonnes_oil_equivalent,biofuels_production_ktoe,Biofuels Production - Ktoe
Germany,1608,614,2006,2287.375,thousand_tonnes_oil_equivalent,biofuels_production_ktoe,Biofuels Production - Ktoe
Italy,1727,663,2006,197.072,thousand_tonnes_oil_equivalent,biofuels_production_ktoe,Biofuels Production - Ktoe
Netherlands,1855,714,2006,23.34240947740518,thousand_tonnes_oil_equivalent,biofuels_production_ktoe,Biofuels Production - Ktoe
Poland,1872,726,2006,153.5499031962455,thousand_tonnes_oil_equivalent,biofuels_production_ktoe,Biofuels Production - Ktoe
Portugal,1880,729,2006,70.31158509975589,thousand_tonnes_oil_equivalent,biofuels_production_ktoe,Biofuels Production - Ktoe
Spain,1628,624,2006,272.8057045116814,thousand_tonnes_oil_equivalent,biofuels_production_ktoe,Biofuels Production - Ktoe
Sweden,1940,755,2006,40.897999999999996,thousand_tonnes_oil_equivalent,biofuels_production_ktoe,Biofuels Production - Ktoe
United Kingdom,1654,635,2006,227.974,thousand_tonnes_oil_equivalent,biofuels_production_ktoe,Biofuels Production - Ktoe
Australia,1482,573,2006,52.06830321007226,thousand_tonnes_oil_equivalent,biofuels_production_ktoe,Biofuels Production - Ktoe
China,1549,599,2006,1098.5505683044569,thousand_tonnes_oil_equivalent,biofuels_production_ktoe,Biofuels Production - Ktoe
India,1713,657,2006,74.03912966892544,thousand_tonnes_oil_equivalent,biofuels_production_ktoe,Biofuels Production - Ktoe
Indonesia,1711,656,2006,44.186490876086744,thousand_tonnes_oil_equivalent,biofuels_production_ktoe,Biofuels Production - Ktoe
South Korea,1758,673,2006,45.58829335971668,thousand_tonnes_oil_equivalent,biofuels_production_ktoe,Biofuels Production - Ktoe
Thailand,1953,762,2006,86.78176903047007,thousand_tonnes_oil_equivalent,biofuels_production_ktoe,Biofuels Production - Ktoe
Canada,1540,595,2007,502.3495560361421,thousand_tonnes_oil_equivalent,biofuels_production_ktoe,Biofuels Production - Ktoe
Mexico,1818,692,2007,0,thousand_tonnes_oil_equivalent,biofuels_production_ktoe,Biofuels Production - Ktoe
usa,1996,776,2007,14708.728883685882,thousand_tonnes_oil_equivalent,biofuels_production_ktoe,Biofuels Production - Ktoe
Argentina,1474,569,2007,173.1400480652035,thousand_tonnes_oil_equivalent,biofuels_production_ktoe,Biofuels Production - Ktoe
Brazil,1527,589,2007,12426.545879529544,thousand_tonnes_oil_equivalent,biofuels_production_ktoe,Biofuels Production - Ktoe
Colombia,1590,605,2007,126.8433673411943,thousand_tonnes_oil_equivalent,biofuels_production_ktoe,Biofuels Production - Ktoe
Austria,1484,574,2007,221.91469202861575,thousand_tonnes_oil_equivalent,biofuels_production_ktoe,Biofuels Production - Ktoe
Belgium,1487,577,2007,0,thousand_tonnes_oil_equivalent,biofuels_production_ktoe,Biofuels Production - Ktoe
Finland,1631,627,2007,55.472596130407,thousand_tonnes_oil_equivalent,biofuels_production_ktoe,Biofuels Production - Ktoe
France,1640,630,2007,1127.587,thousand_tonnes_oil_equivalent,biofuels_production_ktoe,Biofuels Production - Ktoe
Germany,1608,614,2007,2839.489,thousand_tonnes_oil_equivalent,biofuels_production_ktoe,Biofuels Production - Ktoe
Italy,1727,663,2007,178.513,thousand_tonnes_oil_equivalent,biofuels_production_ktoe,Biofuels Production - Ktoe
Netherlands,1855,714,2007,81.87637336390561,thousand_tonnes_oil_equivalent,biofuels_production_ktoe,Biofuels Production - Ktoe
Poland,1872,726,2007,103.36354934405674,thousand_tonnes_oil_equivalent,biofuels_production_ktoe,Biofuels Production - Ktoe
Portugal,1880,729,2007,162.152,thousand_tonnes_oil_equivalent,biofuels_production_ktoe,Biofuels Production - Ktoe
Spain,1628,624,2007,377.7408080208042,thousand_tonnes_oil_equivalent,biofuels_production_ktoe,Biofuels Production - Ktoe
Sweden,1940,755,2007,49.041,thousand_tonnes_oil_equivalent,biofuels_production_ktoe,Biofuels Production - Ktoe
United Kingdom,1654,635,2007,388.726,thousand_tonnes_oil_equivalent,biofuels_production_ktoe,Biofuels Production - Ktoe
Australia,1482,573,2007,74.88117697110889,thousand_tonnes_oil_equivalent,biofuels_production_ktoe,Biofuels Production - Ktoe
China,1549,599,2007,1208.8310428803657,thousand_tonnes_oil_equivalent,biofuels_production_ktoe,Biofuels Production - Ktoe
India,1713,657,2007,100.0941616432498,thousand_tonnes_oil_equivalent,biofuels_production_ktoe,Biofuels Production - Ktoe
Indonesia,1711,656,2007,217.1538052928251,thousand_tonnes_oil_equivalent,biofuels_production_ktoe,Biofuels Production - Ktoe
South Korea,1758,673,2007,83.10615761988197,thousand_tonnes_oil_equivalent,biofuels_production_ktoe,Biofuels Production - Ktoe
Thailand,1953,762,2007,148.20173030896854,thousand_tonnes_oil_equivalent,biofuels_production_ktoe,Biofuels Production - Ktoe
Canada,1540,595,2008,542.7783857491509,thousand_tonnes_oil_equivalent,biofuels_production_ktoe,Biofuels Production - Ktoe
Mexico,1818,692,2008,0,thousand_tonnes_oil_equivalent,biofuels_production_ktoe,Biofuels Production - Ktoe
usa,1996,776,2008,20933.77825350811,thousand_tonnes_oil_equivalent,biofuels_production_ktoe,Biofuels Production - Ktoe
Argentina,1474,569,2008,611.8780277476977,thousand_tonnes_oil_equivalent,biofuels_production_ktoe,Biofuels Production - Ktoe
Brazil,1527,589,2008,15486.446823967604,thousand_tonnes_oil_equivalent,biofuels_production_ktoe,Biofuels Production - Ktoe
Colombia,1590,605,2008,133.30017235918388,thousand_tonnes_oil_equivalent,biofuels_production_ktoe,Biofuels Production - Ktoe
Austria,1484,574,2008,268.70810643134496,thousand_tonnes_oil_equivalent,biofuels_production_ktoe,Biofuels Production - Ktoe
Belgium,1487,577,2008,0,thousand_tonnes_oil_equivalent,biofuels_production_ktoe,Biofuels Production - Ktoe
Finland,1631,627,2008,112.04470486463953,thousand_tonnes_oil_equivalent,biofuels_production_ktoe,Biofuels Production - Ktoe
France,1640,630,2008,2079.014,thousand_tonnes_oil_equivalent,biofuels_production_ktoe,Biofuels Production - Ktoe
Germany,1608,614,2008,2527.145,thousand_tonnes_oil_equivalent,biofuels_production_ktoe,Biofuels Production - Ktoe
Italy,1727,663,2008,625.906,thousand_tonnes_oil_equivalent,biofuels_production_ktoe,Biofuels Production - Ktoe
Netherlands,1855,714,2008,78.08111206649471,thousand_tonnes_oil_equivalent,biofuels_production_ktoe,Biofuels Production - Ktoe
Poland,1872,726,2008,290.04001624152096,thousand_tonnes_oil_equivalent,biofuels_production_ktoe,Biofuels Production - Ktoe
Portugal,1880,729,2008,149.003,thousand_tonnes_oil_equivalent,biofuels_production_ktoe,Biofuels Production - Ktoe
Spain,1628,624,2008,384.1385397598845,thousand_tonnes_oil_equivalent,biofuels_production_ktoe,Biofuels Production - Ktoe
Sweden,1940,755,2008,132.473,thousand_tonnes_oil_equivalent,biofuels_production_ktoe,Biofuels Production - Ktoe
United Kingdom,1654,635,2008,285.747,thousand_tonnes_oil_equivalent,biofuels_production_ktoe,Biofuels Production - Ktoe
Australia,1482,573,2008,111.49552505180935,thousand_tonnes_oil_equivalent,biofuels_production_ktoe,Biofuels Production - Ktoe
China,1549,599,2008,1495.5741563794634,thousand_tonnes_oil_equivalent,biofuels_production_ktoe,Biofuels Production - Ktoe
India,1713,657,2008,154.16728055905267,thousand_tonnes_oil_equivalent,biofuels_production_ktoe,Biofuels Production - Ktoe
Indonesia,1711,656,2008,442.50490876086747,thousand_tonnes_oil_equivalent,biofuels_production_ktoe,Biofuels Production - Ktoe
South Korea,1758,673,2008,154.32405820963112,thousand_tonnes_oil_equivalent,biofuels_production_ktoe,Biofuels Production - Ktoe
Thailand,1953,762,2008,528.4866697750746,thousand_tonnes_oil_equivalent,biofuels_production_ktoe,Biofuels Production - Ktoe
Canada,1540,595,2009,761.0225819630497,thousand_tonnes_oil_equivalent,biofuels_production_ktoe,Biofuels Production - Ktoe
Mexico,1818,692,2009,0,thousand_tonnes_oil_equivalent,biofuels_production_ktoe,Biofuels Production - Ktoe
usa,1996,776,2009,23761.025344611604,thousand_tonnes_oil_equivalent,biofuels_production_ktoe,Biofuels Production - Ktoe
Argentina,1474,569,2009,1028.81233832,thousand_tonnes_oil_equivalent,biofuels_production_ktoe,Biofuels Production - Ktoe
Brazil,1527,589,2009,15276.537662285695,thousand_tonnes_oil_equivalent,biofuels_production_ktoe,Biofuels Production - Ktoe
Colombia,1590,605,2009,292.25250912816705,thousand_tonnes_oil_equivalent,biofuels_production_ktoe,Biofuels Production - Ktoe
Austria,1484,574,2009,372.9011634461299,thousand_tonnes_oil_equivalent,biofuels_production_ktoe,Biofuels Production - Ktoe
Belgium,1487,577,2009,134.678,thousand_tonnes_oil_equivalent,biofuels_production_ktoe,Biofuels Production - Ktoe
Finland,1631,627,2009,230.93294835868238,thousand_tonnes_oil_equivalent,biofuels_production_ktoe,Biofuels Production - Ktoe
France,1640,630,2009,2326.3730000000005,thousand_tonnes_oil_equivalent,biofuels_production_ktoe,Biofuels Production - Ktoe
Germany,1608,614,2009,2528.7940000000003,thousand_tonnes_oil_equivalent,biofuels_production_ktoe,Biofuels Production - Ktoe
Italy,1727,663,2009,746.845,thousand_tonnes_oil_equivalent,biofuels_production_ktoe,Biofuels Production - Ktoe
Netherlands,1855,714,2009,242.14197000095538,thousand_tonnes_oil_equivalent,biofuels_production_ktoe,Biofuels Production - Ktoe
Poland,1872,726,2009,408.48904175026274,thousand_tonnes_oil_equivalent,biofuels_production_ktoe,Biofuels Production - Ktoe
Portugal,1880,729,2009,225.744,thousand_tonnes_oil_equivalent,biofuels_production_ktoe,Biofuels Production - Ktoe
Spain,1628,624,2009,913.7212846085,thousand_tonnes_oil_equivalent,biofuels_production_ktoe,Biofuels Production - Ktoe
Sweden,1940,755,2009,182.847,thousand_tonnes_oil_equivalent,biofuels_production_ktoe,Biofuels Production - Ktoe
United Kingdom,1654,635,2009,214.96300000000002,thousand_tonnes_oil_equivalent,biofuels_production_ktoe,Biofuels Production - Ktoe
Australia,1482,573,2009,175.79914403535022,thousand_tonnes_oil_equivalent,biofuels_production_ktoe,Biofuels Production - Ktoe
China,1549,599,2009,1634.3474247483034,thousand_tonnes_oil_equivalent,biofuels_production_ktoe,Biofuels Production - Ktoe
India,1713,657,2009,115.33016239460963,thousand_tonnes_oil_equivalent,biofuels_production_ktoe,Biofuels Production - Ktoe
Indonesia,1711,656,2009,150.4532038179483,thousand_tonnes_oil_equivalent,biofuels_production_ktoe,Biofuels Production - Ktoe
South Korea,1758,673,2009,220.8239222649022,thousand_tonnes_oil_equivalent,biofuels_production_ktoe,Biofuels Production - Ktoe
Thailand,1953,762,2009,650.9533412466649,thousand_tonnes_oil_equivalent,biofuels_production_ktoe,Biofuels Production - Ktoe
Canada,1540,595,2010,864.9400510479727,thousand_tonnes_oil_equivalent,biofuels_production_ktoe,Biofuels Production - Ktoe
Mexico,1818,692,2010,5.368063812627087,thousand_tonnes_oil_equivalent,biofuels_production_ktoe,Biofuels Production - Ktoe
usa,1996,776,2010,28043.87198551773,thousand_tonnes_oil_equivalent,biofuels_production_ktoe,Biofuels Production - Ktoe
Argentina,1474,569,2010,1710.5713008,thousand_tonnes_oil_equivalent,biofuels_production_ktoe,Biofuels Production - Ktoe
Brazil,1527,589,2010,16874.485355655193,thousand_tonnes_oil_equivalent,biofuels_production_ktoe,Biofuels Production - Ktoe
Colombia,1590,605,2010,434.20094687110617,thousand_tonnes_oil_equivalent,biofuels_production_ktoe,Biofuels Production - Ktoe
Austria,1484,574,2010,390.7900544568644,thousand_tonnes_oil_equivalent,biofuels_production_ktoe,Biofuels Production - Ktoe
Belgium,1487,577,2010,365.39099999999996,thousand_tonnes_oil_equivalent,biofuels_production_ktoe,Biofuels Production - Ktoe
Finland,1631,627,2010,301.5491955755245,thousand_tonnes_oil_equivalent,biofuels_production_ktoe,Biofuels Production - Ktoe
France,1640,630,2010,2267.831,thousand_tonnes_oil_equivalent,biofuels_production_ktoe,Biofuels Production - Ktoe
Germany,1608,614,2010,3133.9860000000003,thousand_tonnes_oil_equivalent,biofuels_production_ktoe,Biofuels Production - Ktoe
Italy,1727,663,2010,777.8549999999999,thousand_tonnes_oil_equivalent,biofuels_production_ktoe,Biofuels Production - Ktoe
Netherlands,1855,714,2010,390.7284931364511,thousand_tonnes_oil_equivalent,biofuels_production_ktoe,Biofuels Production - Ktoe
Poland,1872,726,2010,438.9243742237509,thousand_tonnes_oil_equivalent,biofuels_production_ktoe,Biofuels Production - Ktoe
Portugal,1880,729,2010,283.98999999999995,thousand_tonnes_oil_equivalent,biofuels_production_ktoe,Biofuels Production - Ktoe
Spain,1628,624,2010,1022.0360575549018,thousand_tonnes_oil_equivalent,biofuels_production_ktoe,Biofuels Production - Ktoe
Sweden,1940,755,2010,207.34900000000005,thousand_tonnes_oil_equivalent,biofuels_production_ktoe,Biofuels Production - Ktoe
United Kingdom,1654,635,2010,281.051,thousand_tonnes_oil_equivalent,biofuels_production_ktoe,Biofuels Production - Ktoe
Australia,1482,573,2010,214.44910973945838,thousand_tonnes_oil_equivalent,biofuels_production_ktoe,Biofuels Production - Ktoe
China,1549,599,2010,1588.8875727912186,thousand_tonnes_oil_equivalent,biofuels_production_ktoe,Biofuels Production - Ktoe
India,1713,657,2010,187.9680334060304,thousand_tonnes_oil_equivalent,biofuels_production_ktoe,Biofuels Production - Ktoe
Indonesia,1711,656,2010,191.0486382066251,thousand_tonnes_oil_equivalent,biofuels_production_ktoe,Biofuels Production - Ktoe
South Korea,1758,673,2010,309.9854568867078,thousand_tonnes_oil_equivalent,biofuels_production_ktoe,Biofuels Production - Ktoe
Thailand,1953,762,2010,834,thousand_tonnes_oil_equivalent,biofuels_production_ktoe,Biofuels Production - Ktoe
Canada,1540,595,2011,1006.2439953376283,thousand_tonnes_oil_equivalent,biofuels_production_ktoe,Biofuels Production - Ktoe
Mexico,1818,692,2011,8.052064567947104,thousand_tonnes_oil_equivalent,biofuels_production_ktoe,Biofuels Production - Ktoe
usa,1996,776,2011,31183.73227351257,thousand_tonnes_oil_equivalent,biofuels_production_ktoe,Biofuels Production - Ktoe
Argentina,1474,569,2011,2222.25412688,thousand_tonnes_oil_equivalent,biofuels_production_ktoe,Biofuels Production - Ktoe
Brazil,1527,589,2011,14402.53473024163,thousand_tonnes_oil_equivalent,biofuels_production_ktoe,Biofuels Production - Ktoe
Colombia,1590,605,2011,551.1317413377055,thousand_tonnes_oil_equivalent,biofuels_production_ktoe,Biofuels Production - Ktoe
Austria,1484,574,2011,389.54093818668196,thousand_tonnes_oil_equivalent,biofuels_production_ktoe,Biofuels Production - Ktoe
Belgium,1487,577,2011,421.91200000000003,thousand_tonnes_oil_equivalent,biofuels_production_ktoe,Biofuels Production - Ktoe
Finland,1631,627,2011,206.99656622207553,thousand_tonnes_oil_equivalent,biofuels_production_ktoe,Biofuels Production - Ktoe
France,1640,630,2011,2064.698,thousand_tonnes_oil_equivalent,biofuels_production_ktoe,Biofuels Production - Ktoe
Germany,1608,614,2011,3079.42,thousand_tonnes_oil_equivalent,biofuels_production_ktoe,Biofuels Production - Ktoe
Italy,1727,663,2011,586.45,thousand_tonnes_oil_equivalent,biofuels_production_ktoe,Biofuels Production - Ktoe
Netherlands,1855,714,2011,674.4000158953991,thousand_tonnes_oil_equivalent,biofuels_production_ktoe,Biofuels Production - Ktoe
Poland,1872,726,2011,413.90505636763163,thousand_tonnes_oil_equivalent,biofuels_production_ktoe,Biofuels Production - Ktoe
Portugal,1880,729,2011,330.27299999999997,thousand_tonnes_oil_equivalent,biofuels_production_ktoe,Biofuels Production - Ktoe
Spain,1628,624,2011,850.9792681761728,thousand_tonnes_oil_equivalent,biofuels_production_ktoe,Biofuels Production - Ktoe
Sweden,1940,755,2011,191.999,thousand_tonnes_oil_equivalent,biofuels_production_ktoe,Biofuels Production - Ktoe
United Kingdom,1654,635,2011,173.904,thousand_tonnes_oil_equivalent,biofuels_production_ktoe,Biofuels Production - Ktoe
Australia,1482,573,2011,241.99957516370952,thousand_tonnes_oil_equivalent,biofuels_production_ktoe,Biofuels Production - Ktoe
China,1549,599,2011,1975.9149960906868,thousand_tonnes_oil_equivalent,biofuels_production_ktoe,Biofuels Production - Ktoe
India,1713,657,2011,275.31195028472536,thousand_tonnes_oil_equivalent,biofuels_production_ktoe,Biofuels Production - Ktoe
Indonesia,1711,656,2011,1424.6095984790343,thousand_tonnes_oil_equivalent,biofuels_production_ktoe,Biofuels Production - Ktoe
South Korea,1758,673,2011,249.48750766299753,thousand_tonnes_oil_equivalent,biofuels_production_ktoe,Biofuels Production - Ktoe
Thailand,1953,762,2011,919,thousand_tonnes_oil_equivalent,biofuels_production_ktoe,Biofuels Production - Ktoe
Canada,1540,595,2012,1049.42347852693,thousand_tonnes_oil_equivalent,biofuels_production_ktoe,Biofuels Production - Ktoe
Mexico,1818,692,2012,9.042687252193675,thousand_tonnes_oil_equivalent,biofuels_production_ktoe,Biofuels Production - Ktoe
usa,1996,776,2012,29807.80247462028,thousand_tonnes_oil_equivalent,biofuels_production_ktoe,Biofuels Production - Ktoe
Argentina,1474,569,2012,2278.80802784,thousand_tonnes_oil_equivalent,biofuels_production_ktoe,Biofuels Production - Ktoe
Brazil,1527,589,2012,14738.902016826054,thousand_tonnes_oil_equivalent,biofuels_production_ktoe,Biofuels Production - Ktoe
Colombia,1590,605,2012,604.8940556218191,thousand_tonnes_oil_equivalent,biofuels_production_ktoe,Biofuels Production - Ktoe
Austria,1484,574,2012,389.54093818668196,thousand_tonnes_oil_equivalent,biofuels_production_ktoe,Biofuels Production - Ktoe
Belgium,1487,577,2012,447.34000000000003,thousand_tonnes_oil_equivalent,biofuels_production_ktoe,Biofuels Production - Ktoe
Finland,1631,627,2012,264.88083388629775,thousand_tonnes_oil_equivalent,biofuels_production_ktoe,Biofuels Production - Ktoe
France,1640,630,2012,2384.034,thousand_tonnes_oil_equivalent,biofuels_production_ktoe,Biofuels Production - Ktoe
Germany,1608,614,2012,2885.661,thousand_tonnes_oil_equivalent,biofuels_production_ktoe,Biofuels Production - Ktoe
Italy,1727,663,2012,311.413,thousand_tonnes_oil_equivalent,biofuels_production_ktoe,Biofuels Production - Ktoe
Netherlands,1855,714,2012,1276.3442300815195,thousand_tonnes_oil_equivalent,biofuels_production_ktoe,Biofuels Production - Ktoe
Poland,1872,726,2012,651.5529043661029,thousand_tonnes_oil_equivalent,biofuels_production_ktoe,Biofuels Production - Ktoe
Portugal,1880,729,2012,275.60699999999997,thousand_tonnes_oil_equivalent,biofuels_production_ktoe,Biofuels Production - Ktoe
Spain,1628,624,2012,619.6928441769371,thousand_tonnes_oil_equivalent,biofuels_production_ktoe,Biofuels Production - Ktoe
Sweden,1940,755,2012,227.81400000000002,thousand_tonnes_oil_equivalent,biofuels_production_ktoe,Biofuels Production - Ktoe
United Kingdom,1654,635,2012,299.46,thousand_tonnes_oil_equivalent,biofuels_production_ktoe,Biofuels Production - Ktoe
Australia,1482,573,2012,275.89911868633186,thousand_tonnes_oil_equivalent,biofuels_production_ktoe,Biofuels Production - Ktoe
China,1549,599,2012,2110.356630384238,thousand_tonnes_oil_equivalent,biofuels_production_ktoe,Biofuels Production - Ktoe
India,1713,657,2012,262.51940347150276,thousand_tonnes_oil_equivalent,biofuels_production_ktoe,Biofuels Production - Ktoe
Indonesia,1711,656,2012,1746.1688290408038,thousand_tonnes_oil_equivalent,biofuels_production_ktoe,Biofuels Production - Ktoe
South Korea,1758,673,2012,359.9,thousand_tonnes_oil_equivalent,biofuels_production_ktoe,Biofuels Production - Ktoe
Thailand,1953,762,2012,1259,thousand_tonnes_oil_equivalent,biofuels_production_ktoe,Biofuels Production - Ktoe
Canada,1540,595,2013,1013.2793052281834,thousand_tonnes_oil_equivalent,biofuels_production_ktoe,Biofuels Production - Ktoe
Mexico,1818,692,2013,7.135341139125073,thousand_tonnes_oil_equivalent,biofuels_production_ktoe,Biofuels Production - Ktoe
usa,1996,776,2013,31057.062250790324,thousand_tonnes_oil_equivalent,biofuels_production_ktoe,Biofuels Production - Ktoe
Argentina,1474,569,2013,2049.7579628000003,thousand_tonnes_oil_equivalent,biofuels_production_ktoe,Biofuels Production - Ktoe
Brazil,1527,589,2013,17113.64163202544,thousand_tonnes_oil_equivalent,biofuels_production_ktoe,Biofuels Production - Ktoe
Colombia,1590,605,2013,625.782386530793,thousand_tonnes_oil_equivalent,biofuels_production_ktoe,Biofuels Production - Ktoe
Austria,1484,574,2013,374.36228145600455,thousand_tonnes_oil_equivalent,biofuels_production_ktoe,Biofuels Production - Ktoe
Belgium,1487,577,2013,439.23900000000003,thousand_tonnes_oil_equivalent,biofuels_production_ktoe,Biofuels Production - Ktoe
Finland,1631,627,2013,328.72219769576435,thousand_tonnes_oil_equivalent,biofuels_production_ktoe,Biofuels Production - Ktoe
France,1640,630,2013,2434.33,thousand_tonnes_oil_equivalent,biofuels_production_ktoe,Biofuels Production - Ktoe
Germany,1608,614,2013,3073.4300000000003,thousand_tonnes_oil_equivalent,biofuels_production_ktoe,Biofuels Production - Ktoe
Italy,1727,663,2013,456.78600000000006,thousand_tonnes_oil_equivalent,biofuels_production_ktoe,Biofuels Production - Ktoe
Netherlands,1855,714,2013,1494.9651284990925,thousand_tonnes_oil_equivalent,biofuels_production_ktoe,Biofuels Production - Ktoe
Poland,1872,726,2013,696.5613523454667,thousand_tonnes_oil_equivalent,biofuels_production_ktoe,Biofuels Production - Ktoe
Portugal,1880,729,2013,274.40500000000003,thousand_tonnes_oil_equivalent,biofuels_production_ktoe,Biofuels Production - Ktoe
Spain,1628,624,2013,749.1401547721409,thousand_tonnes_oil_equivalent,biofuels_production_ktoe,Biofuels Production - Ktoe
Sweden,1940,755,2013,227.549,thousand_tonnes_oil_equivalent,biofuels_production_ktoe,Biofuels Production - Ktoe
United Kingdom,1654,635,2013,503.854,thousand_tonnes_oil_equivalent,biofuels_production_ktoe,Biofuels Production - Ktoe
Australia,1482,573,2013,253.89011043815907,thousand_tonnes_oil_equivalent,biofuels_production_ktoe,Biofuels Production - Ktoe
China,1549,599,2013,2346.0050213426125,thousand_tonnes_oil_equivalent,biofuels_production_ktoe,Biofuels Production - Ktoe
India,1713,657,2013,248.71687856437396,thousand_tonnes_oil_equivalent,biofuels_production_ktoe,Biofuels Production - Ktoe
Indonesia,1711,656,2013,2205.3145274468484,thousand_tonnes_oil_equivalent,biofuels_production_ktoe,Biofuels Production - Ktoe
South Korea,1758,673,2013,369.1,thousand_tonnes_oil_equivalent,biofuels_production_ktoe,Biofuels Production - Ktoe
Thailand,1953,762,2013,1609,thousand_tonnes_oil_equivalent,biofuels_production_ktoe,Biofuels Production - Ktoe
Canada,1540,595,2014,1119.124865004802,thousand_tonnes_oil_equivalent,biofuels_production_ktoe,Biofuels Production - Ktoe
Mexico,1818,692,2014,7.591580719599513,thousand_tonnes_oil_equivalent,biofuels_production_ktoe,Biofuels Production - Ktoe
usa,1996,776,2014,32890.41501723836,thousand_tonnes_oil_equivalent,biofuels_production_ktoe,Biofuels Production - Ktoe
Argentina,1474,569,2014,2629.78709376,thousand_tonnes_oil_equivalent,biofuels_production_ktoe,Biofuels Production - Ktoe
Brazil,1527,589,2014,18001.371352618313,thousand_tonnes_oil_equivalent,biofuels_production_ktoe,Biofuels Production - Ktoe
Colombia,1590,605,2014,649.9915193164923,thousand_tonnes_oil_equivalent,biofuels_production_ktoe,Biofuels Production - Ktoe
Austria,1484,574,2014,329.2920607623961,thousand_tonnes_oil_equivalent,biofuels_production_ktoe,Biofuels Production - Ktoe
Belgium,1487,577,2014,575.0800000000002,thousand_tonnes_oil_equivalent,biofuels_production_ktoe,Biofuels Production - Ktoe
Finland,1631,627,2014,366.60885571162567,thousand_tonnes_oil_equivalent,biofuels_production_ktoe,Biofuels Production - Ktoe
France,1640,630,2014,2573.3489999999997,thousand_tonnes_oil_equivalent,biofuels_production_ktoe,Biofuels Production - Ktoe
Germany,1608,614,2014,3460.226765071176,thousand_tonnes_oil_equivalent,biofuels_production_ktoe,Biofuels Production - Ktoe
Italy,1727,663,2014,512.747,thousand_tonnes_oil_equivalent,biofuels_production_ktoe,Biofuels Production - Ktoe
Netherlands,1855,714,2014,1797.1817186986075,thousand_tonnes_oil_equivalent,biofuels_production_ktoe,Biofuels Production - Ktoe
Poland,1872,726,2014,749.5131389127735,thousand_tonnes_oil_equivalent,biofuels_production_ktoe,Biofuels Production - Ktoe
Portugal,1880,729,2014,301.216,thousand_tonnes_oil_equivalent,biofuels_production_ktoe,Biofuels Production - Ktoe
Spain,1628,624,2014,1029.855737078437,thousand_tonnes_oil_equivalent,biofuels_production_ktoe,Biofuels Production - Ktoe
Sweden,1940,755,2014,227.714,thousand_tonnes_oil_equivalent,biofuels_production_ktoe,Biofuels Production - Ktoe
United Kingdom,1654,635,2014,389.465,thousand_tonnes_oil_equivalent,biofuels_production_ktoe,Biofuels Production - Ktoe
Australia,1482,573,2014,257.50057875040585,thousand_tonnes_oil_equivalent,biofuels_production_ktoe,Biofuels Production - Ktoe
China,1549,599,2014,2608.5503567591454,thousand_tonnes_oil_equivalent,biofuels_production_ktoe,Biofuels Production - Ktoe
India,1713,657,2014,271.4170990444584,thousand_tonnes_oil_equivalent,biofuels_production_ktoe,Biofuels Production - Ktoe
Indonesia,1711,656,2014,3114.171423606759,thousand_tonnes_oil_equivalent,biofuels_production_ktoe,Biofuels Production - Ktoe
South Korea,1758,673,2014,387.70000000000005,thousand_tonnes_oil_equivalent,biofuels_production_ktoe,Biofuels Production - Ktoe
Thailand,1953,762,2014,1799,thousand_tonnes_oil_equivalent,biofuels_production_ktoe,Biofuels Production - Ktoe
Canada,1540,595,2015,1164.6707112830475,thousand_tonnes_oil_equivalent,biofuels_production_ktoe,Biofuels Production - Ktoe
Mexico,1818,692,2015,4.704558294653692,thousand_tonnes_oil_equivalent,biofuels_production_ktoe,Biofuels Production - Ktoe
usa,1996,776,2015,33848.57650560196,thousand_tonnes_oil_equivalent,biofuels_production_ktoe,Biofuels Production - Ktoe
Argentina,1474,569,2015,2017.35550648,thousand_tonnes_oil_equivalent,biofuels_production_ktoe,Biofuels Production - Ktoe
Brazil,1527,589,2015,19333.41556899954,thousand_tonnes_oil_equivalent,biofuels_production_ktoe,Biofuels Production - Ktoe
Colombia,1590,605,2015,663.3515472648603,thousand_tonnes_oil_equivalent,biofuels_production_ktoe,Biofuels Production - Ktoe
Austria,1484,574,2015,381.06907423330466,thousand_tonnes_oil_equivalent,biofuels_production_ktoe,Biofuels Production - Ktoe
Belgium,1487,577,2015,386.18,thousand_tonnes_oil_equivalent,biofuels_production_ktoe,Biofuels Production - Ktoe
Finland,1631,627,2015,445.05203509152864,thousand_tonnes_oil_equivalent,biofuels_production_ktoe,Biofuels Production - Ktoe
France,1640,630,2015,2560.045,thousand_tonnes_oil_equivalent,biofuels_production_ktoe,Biofuels Production - Ktoe
Germany,1608,614,2015,3191.2659357982234,thousand_tonnes_oil_equivalent,biofuels_production_ktoe,Biofuels Production - Ktoe
Italy,1727,663,2015,518.6200000000001,thousand_tonnes_oil_equivalent,biofuels_production_ktoe,Biofuels Production - Ktoe
Netherlands,1855,714,2015,1938.39831677522,thousand_tonnes_oil_equivalent,biofuels_production_ktoe,Biofuels Production - Ktoe
Poland,1872,726,2015,813.107862806917,thousand_tonnes_oil_equivalent,biofuels_production_ktoe,Biofuels Production - Ktoe
Portugal,1880,729,2015,320.67799999999994,thousand_tonnes_oil_equivalent,biofuels_production_ktoe,Biofuels Production - Ktoe
Spain,1628,624,2015,1121.715868921372,thousand_tonnes_oil_equivalent,biofuels_production_ktoe,Biofuels Production - Ktoe
Sweden,1940,755,2015,218.781,thousand_tonnes_oil_equivalent,biofuels_production_ktoe,Biofuels Production - Ktoe
United Kingdom,1654,635,2015,301.32,thousand_tonnes_oil_equivalent,biofuels_production_ktoe,Biofuels Production - Ktoe
Australia,1482,573,2015,236.40836020453628,thousand_tonnes_oil_equivalent,biofuels_production_ktoe,Biofuels Production - Ktoe
China,1549,599,2015,2038.8988089576274,thousand_tonnes_oil_equivalent,biofuels_production_ktoe,Biofuels Production - Ktoe
India,1713,657,2015,539.8220519597753,thousand_tonnes_oil_equivalent,biofuels_production_ktoe,Biofuels Production - Ktoe
Indonesia,1711,656,2015,1299.602464837663,thousand_tonnes_oil_equivalent,biofuels_production_ktoe,Biofuels Production - Ktoe
South Korea,1758,673,2015,441.3,thousand_tonnes_oil_equivalent,biofuels_production_ktoe,Biofuels Production - Ktoe
Thailand,1953,762,2015,1941,thousand_tonnes_oil_equivalent,biofuels_production_ktoe,Biofuels Production - Ktoe
Canada,1540,595,2016,1258.1058700496635,thousand_tonnes_oil_equivalent,biofuels_production_ktoe,Biofuels Production - Ktoe
Mexico,1818,692,2016,12.380160831518378,thousand_tonnes_oil_equivalent,biofuels_production_ktoe,Biofuels Production - Ktoe
usa,1996,776,2016,35985.81756196949,thousand_tonnes_oil_equivalent,biofuels_production_ktoe,Biofuels Production - Ktoe
Argentina,1474,569,2016,2817.5652892000003,thousand_tonnes_oil_equivalent,biofuels_production_ktoe,Biofuels Production - Ktoe
Brazil,1527,589,2016,18167.55276991672,thousand_tonnes_oil_equivalent,biofuels_production_ktoe,Biofuels Production - Ktoe
Colombia,1590,605,2016,645.3504303542818,thousand_tonnes_oil_equivalent,biofuels_production_ktoe,Biofuels Production - Ktoe
Austria,1484,574,2016,419.4325021496131,thousand_tonnes_oil_equivalent,biofuels_production_ktoe,Biofuels Production - Ktoe
Belgium,1487,577,2016,371.93899999999996,thousand_tonnes_oil_equivalent,biofuels_production_ktoe,Biofuels Production - Ktoe
Finland,1631,627,2016,122.02567546090022,thousand_tonnes_oil_equivalent,biofuels_production_ktoe,Biofuels Production - Ktoe
France,1640,630,2016,2412.513,thousand_tonnes_oil_equivalent,biofuels_production_ktoe,Biofuels Production - Ktoe
Germany,1608,614,2016,3227.6457413776634,thousand_tonnes_oil_equivalent,biofuels_production_ktoe,Biofuels Production - Ktoe
Italy,1727,663,2016,523.989,thousand_tonnes_oil_equivalent,biofuels_production_ktoe,Biofuels Production - Ktoe
Netherlands,1855,714,2016,1505.7206717959314,thousand_tonnes_oil_equivalent,biofuels_production_ktoe,Biofuels Production - Ktoe
Poland,1872,726,2016,925.3964841884016,thousand_tonnes_oil_equivalent,biofuels_production_ktoe,Biofuels Production - Ktoe
Portugal,1880,729,2016,297.78299999999996,thousand_tonnes_oil_equivalent,biofuels_production_ktoe,Biofuels Production - Ktoe
Spain,1628,624,2016,1200.3370426101083,thousand_tonnes_oil_equivalent,biofuels_production_ktoe,Biofuels Production - Ktoe
Sweden,1940,755,2016,206.93599999999998,thousand_tonnes_oil_equivalent,biofuels_production_ktoe,Biofuels Production - Ktoe
United Kingdom,1654,635,2016,542.4780000000001,thousand_tonnes_oil_equivalent,biofuels_production_ktoe,Biofuels Production - Ktoe
Australia,1482,573,2016,197.5719642779605,thousand_tonnes_oil_equivalent,biofuels_production_ktoe,Biofuels Production - Ktoe
China,1549,599,2016,1811.3745796524267,thousand_tonnes_oil_equivalent,biofuels_production_ktoe,Biofuels Production - Ktoe
India,1713,657,2016,659.683991779352,thousand_tonnes_oil_equivalent,biofuels_production_ktoe,Biofuels Production - Ktoe
Indonesia,1711,656,2016,2874.3778653638774,thousand_tonnes_oil_equivalent,biofuels_production_ktoe,Biofuels Production - Ktoe
South Korea,1758,673,2016,442.90000000000003,thousand_tonnes_oil_equivalent,biofuels_production_ktoe,Biofuels Production - Ktoe
Thailand,1953,762,2016,1682,thousand_tonnes_oil_equivalent,biofuels_production_ktoe,Biofuels Production - Ktoe
Canada,1540,595,2017,1359.3533364434902,thousand_tonnes_oil_equivalent,biofuels_production_ktoe,Biofuels Production - Ktoe
Mexico,1818,692,2017,12.331943496455557,thousand_tonnes_oil_equivalent,biofuels_production_ktoe,Biofuels Production - Ktoe
usa,1996,776,2017,37131.97500428434,thousand_tonnes_oil_equivalent,biofuels_production_ktoe,Biofuels Production - Ktoe
Argentina,1474,569,2017,3115.380069840956,thousand_tonnes_oil_equivalent,biofuels_production_ktoe,Biofuels Production - Ktoe
Brazil,1527,589,2017,18239.984116237694,thousand_tonnes_oil_equivalent,biofuels_production_ktoe,Biofuels Production - Ktoe
Colombia,1590,605,2017,591.8052403595465,thousand_tonnes_oil_equivalent,biofuels_production_ktoe,Biofuels Production - Ktoe
Austria,1484,574,2017,390.94535205885165,thousand_tonnes_oil_equivalent,biofuels_production_ktoe,Biofuels Production - Ktoe
Belgium,1487,577,2017,445.544,thousand_tonnes_oil_equivalent,biofuels_production_ktoe,Biofuels Production - Ktoe
Finland,1631,627,2017,322.4590452000781,thousand_tonnes_oil_equivalent,biofuels_production_ktoe,Biofuels Production - Ktoe
France,1640,630,2017,2615.5370000000003,thousand_tonnes_oil_equivalent,biofuels_production_ktoe,Biofuels Production - Ktoe
Germany,1608,614,2017,3293.4761631795163,thousand_tonnes_oil_equivalent,biofuels_production_ktoe,Biofuels Production - Ktoe
Italy,1727,663,2017,628.688,thousand_tonnes_oil_equivalent,biofuels_production_ktoe,Biofuels Production - Ktoe
Netherlands,1855,714,2017,2010.9787502383194,thousand_tonnes_oil_equivalent,biofuels_production_ktoe,Biofuels Production - Ktoe
Poland,1872,726,2017,921.7075976879718,thousand_tonnes_oil_equivalent,biofuels_production_ktoe,Biofuels Production - Ktoe
Portugal,1880,729,2017,316.131,thousand_tonnes_oil_equivalent,biofuels_production_ktoe,Biofuels Production - Ktoe
Spain,1628,624,2017,1540.5391325117037,thousand_tonnes_oil_equivalent,biofuels_production_ktoe,Biofuels Production - Ktoe
Sweden,1940,755,2017,179.859,thousand_tonnes_oil_equivalent,biofuels_production_ktoe,Biofuels Production - Ktoe
United Kingdom,1654,635,2017,742.3620000000001,thousand_tonnes_oil_equivalent,biofuels_production_ktoe,Biofuels Production - Ktoe
Australia,1482,573,2017,159.54954759474222,thousand_tonnes_oil_equivalent,biofuels_production_ktoe,Biofuels Production - Ktoe
China,1549,599,2017,2146.5879119921083,thousand_tonnes_oil_equivalent,biofuels_production_ktoe,Biofuels Production - Ktoe
India,1713,657,2017,601.9641770206439,thousand_tonnes_oil_equivalent,biofuels_production_ktoe,Biofuels Production - Ktoe
Indonesia,1711,656,2017,2686.0149150095735,thousand_tonnes_oil_equivalent,biofuels_production_ktoe,Biofuels Production - Ktoe
South Korea,1758,673,2017,428.1,thousand_tonnes_oil_equivalent,biofuels_production_ktoe,Biofuels Production - Ktoe
Thailand,1953,762,2017,1976,thousand_tonnes_oil_equivalent,biofuels_production_ktoe,Biofuels Production - Ktoe
Canada,1540,595,2018,1436.0145665573978,thousand_tonnes_oil_equivalent,biofuels_production_ktoe,Biofuels Production - Ktoe
Mexico,1818,692,2018,12.331943496455557,thousand_tonnes_oil_equivalent,biofuels_production_ktoe,Biofuels Production - Ktoe
usa,1996,776,2018,38087.90693380303,thousand_tonnes_oil_equivalent,biofuels_production_ktoe,Biofuels Production - Ktoe
Argentina,1474,569,2018,2726.004185447999,thousand_tonnes_oil_equivalent,biofuels_production_ktoe,Biofuels Production - Ktoe
Brazil,1527,589,2018,21374.85199601345,thousand_tonnes_oil_equivalent,biofuels_production_ktoe,Biofuels Production - Ktoe
Colombia,1590,605,2018,691.7558622609968,thousand_tonnes_oil_equivalent,biofuels_production_ktoe,Biofuels Production - Ktoe
Austria,1484,574,2018,386.42399923569315,thousand_tonnes_oil_equivalent,biofuels_production_ktoe,Biofuels Production - Ktoe
Belgium,1487,577,2018,466.9852666666667,thousand_tonnes_oil_equivalent,biofuels_production_ktoe,Biofuels Production - Ktoe
Finland,1631,627,2018,322.4590452000781,thousand_tonnes_oil_equivalent,biofuels_production_ktoe,Biofuels Production - Ktoe
France,1640,630,2018,2727.053919083075,thousand_tonnes_oil_equivalent,biofuels_production_ktoe,Biofuels Production - Ktoe
Germany,1608,614,2018,3444.8905560332473,thousand_tonnes_oil_equivalent,biofuels_production_ktoe,Biofuels Production - Ktoe
Italy,1727,663,2018,633.9209629946263,thousand_tonnes_oil_equivalent,biofuels_production_ktoe,Biofuels Production - Ktoe
Netherlands,1855,714,2018,2099.294581471775,thousand_tonnes_oil_equivalent,biofuels_production_ktoe,Biofuels Production - Ktoe
Poland,1872,726,2018,911.9066136428777,thousand_tonnes_oil_equivalent,biofuels_production_ktoe,Biofuels Production - Ktoe
Portugal,1880,729,2018,290.3743034471711,thousand_tonnes_oil_equivalent,biofuels_production_ktoe,Biofuels Production - Ktoe
Spain,1628,624,2018,1840.454872456291,thousand_tonnes_oil_equivalent,biofuels_production_ktoe,Biofuels Production - Ktoe
Sweden,1940,755,2018,186.54940339776292,thousand_tonnes_oil_equivalent,biofuels_production_ktoe,Biofuels Production - Ktoe
United Kingdom,1654,635,2018,707.7956480292107,thousand_tonnes_oil_equivalent,biofuels_production_ktoe,Biofuels Production - Ktoe
Australia,1482,573,2018,165.64960531319375,thousand_tonnes_oil_equivalent,biofuels_production_ktoe,Biofuels Production - Ktoe
China,1549,599,2018,3099.3784103538223,thousand_tonnes_oil_equivalent,biofuels_production_ktoe,Biofuels Production - Ktoe
India,1713,657,2018,1023.3552603291819,thousand_tonnes_oil_equivalent,biofuels_production_ktoe,Biofuels Production - Ktoe
Indonesia,1711,656,2018,4849.205183252825,thousand_tonnes_oil_equivalent,biofuels_production_ktoe,Biofuels Production - Ktoe
South Korea,1758,673,2018,449.5050013516484,thousand_tonnes_oil_equivalent,biofuels_production_ktoe,Biofuels Production - Ktoe
Thailand,1953,762,2018,2119.1084984020454,thousand_tonnes_oil_equivalent,biofuels_production_ktoe,Biofuels Production - Ktoe
